Task Number,Result,Answer time
3,Correct,00:00:06.4922384
4,Wrong,00:01:00.2112506
5,Correct,00:00:01.1867220
